name,owner,language,stars,forks,watchers,open_issues,created_date,updated_date,license
tensorflow,tensorflow,C++,198017,76183,198017,2967,2015-11-07 01:19:20+00:00,2026-08-29 22:29:07+00:00,Apache License 2.0
transformers,huggingface,Python,164613,34386,164613,2402,2018-10-29 13:56:00+00:00,2026-08-29 22:31:28+00:00,Apache License 2.0
ML-For-Beginners,microsoft,Jupyter Notebook,89903,22116,89903,13,2021-03-03 01:34:05+00:00,2026-08-29 22:32:44+00:00,MIT License
funNLP,fighting41love,Python,82754,15277,82754,52,2018-08-21 11:20:39+00:00,2026-08-29 20:20:31+00:00,Unknown
awesome-machine-learning,josephmisiti,Python,74210,15638,74210,30,2014-07-15 19:11:19+00:00,2026-08-29 20:19:42+00:00,Other
scikit-learn,scikit-learn,Python,67096,27333,67096,2134,2010-08-17 09:43:38+00:00,2026-08-29 21:01:42+00:00,"BSD 3-Clause ""New"" or ""Revised"" License"
gradio,gradio-app,Python,43438,3581,43438,161,2018-12-19 08:24:04+00:00,2026-08-29 16:10:09+00:00,Apache License 2.0
500-AI-Machine-learning-Deep-learning-Computer-vision-NLP-Projects-with-code,ashishpatel26,Unknown,36623,7475,36623,68,2021-01-02 12:08:37+00:00,2026-08-29 22:05:56+00:00,Unknown
C-Plus-Plus,TheAlgorithms,C++,34622,7853,34622,25,2016-07-16 10:19:45+00:00,2026-08-29 20:23:04+00:00,MIT License
netron,lutzroeder,JavaScript,33425,3175,33425,19,2010-12-26 12:53:43+00:00,2026-08-29 18:31:39+00:00,MIT License
ML-From-Scratch,eriklindernoren,Python,32546,5433,32546,77,2017-02-05 12:11:23+00:00,2026-08-29 21:10:17+00:00,MIT License
applied-ml,eugeneyan,Unknown,30097,3992,30097,8,2020-07-04 18:57:47+00:00,2026-08-29 17:13:37+00:00,MIT License
machine-learning-for-software-engineers,ZuzooVn,Unknown,28862,6146,28862,32,2016-10-09 21:20:25+00:00,2026-08-29 21:10:14+00:00,Creative Commons Attribution Share Alike 4.0 International
linkedin-skill-assessments-quizzes,Ebazhanov,Python,28809,12900,28809,20,2019-07-13 19:52:56+00:00,2026-08-29 17:33:41+00:00,GNU Affero General Public License v3.0
cs249r_book,harvard-edge,Python,28053,3538,28053,27,2023-09-06 19:31:06+00:00,2026-08-29 22:36:22+00:00,Other
shap,shap,Jupyter Notebook,25710,3747,25710,1003,2016-11-22 19:17:08+00:00,2026-08-29 11:44:49+00:00,MIT License
homemade-machine-learning,trekhleb,Jupyter Notebook,24787,4194,24787,30,2018-11-01 04:34:19+00:00,2026-08-29 12:30:19+00:00,MIT License
Paddle,PaddlePaddle,C++,24062,6021,24062,1508,2016-08-15 06:59:08+00:00,2026-08-28 12:42:07+00:00,Apache License 2.0
best-of-ml-python,lukasmasuch,Unknown,23738,3147,23738,55,2020-11-29 19:41:36+00:00,2026-08-29 18:17:57+00:00,Creative Commons Attribution Share Alike 4.0 International
C,TheAlgorithms,C,22357,4769,22357,19,2016-07-16 10:17:03+00:00,2026-08-29 16:43:16+00:00,GNU General Public License v3.0
video2x,k4yt3x,C++,21419,1856,21419,132,2018-02-24 16:34:41+00:00,2026-08-29 20:30:05+00:00,GNU Affero General Public License v3.0
onnx,onnx,Python,21379,4015,21379,278,2017-09-07 04:53:45+00:00,2026-08-29 21:12:36+00:00,Apache License 2.0
rasa,RasaHQ,Python,21312,4918,21312,153,2016-10-14 12:27:49+00:00,2026-08-29 14:48:51+00:00,Apache License 2.0
awesome-production-machine-learning,EthicalML,Unknown,20877,2593,20877,32,2018-08-15 14:28:41+00:00,2026-08-28 20:30:33+00:00,MIT License
machine-learning-for-trading,stefan-jansen,Jupyter Notebook,20721,5574,20721,8,2018-05-09 12:33:08+00:00,2026-08-29 22:21:31+00:00,MIT License
stanford-cs-229-machine-learning,afshinea,Unknown,20167,4258,20167,20,2018-08-04 23:01:00+00:00,2026-08-29 20:13:41+00:00,MIT License
ml-agents,Unity-Technologies,C#,19653,4486,19653,21,2017-09-08 21:09:04+00:00,2026-08-29 03:21:03+00:00,Other
ml-engineering,stas00,Python,18835,1229,18835,4,2020-09-02 19:23:01+00:00,2026-08-29 17:51:35+00:00,Creative Commons Attribution Share Alike 4.0 International
LightGBM,lightgbm-org,C++,18729,4060,18729,515,2016-08-05 05:45:50+00:00,2026-08-29 17:40:46+00:00,MIT License
Machine-Learning-Tutorials,ujjwalkarn,Unknown,18147,3970,18147,47,2015-09-12 14:51:38+00:00,2026-08-29 21:09:41+00:00,Creative Commons Zero v1.0 Universal
ML-NLP,NLP-LOVE,Jupyter Notebook,17798,4626,17798,36,2019-07-05 12:49:53+00:00,2026-08-29 17:21:10+00:00,Unknown
brpc,apache,C++,17595,4139,17595,469,2017-09-04 09:28:47+00:00,2026-08-29 17:21:45+00:00,Apache License 2.0
ML-YouTube-Courses,dair-ai,Unknown,17387,2126,17387,21,2021-06-25 09:39:16+00:00,2026-08-29 17:22:17+00:00,Creative Commons Zero v1.0 Universal
numpy-ml,ddbourgin,Python,16331,3742,16331,47,2019-04-06 22:29:49+00:00,2026-08-29 17:24:52+00:00,GNU General Public License v3.0
transformers.js,huggingface,JavaScript,16277,1184,16277,272,2023-02-13 13:51:45+00:00,2026-08-29 20:19:06+00:00,Apache License 2.0
mml-book.github.io,mml-book,Jupyter Notebook,15936,2856,15936,197,2017-12-08 10:52:21+00:00,2026-08-29 22:01:18+00:00,Unknown
kubeflow,kubeflow,Unknown,15841,2693,15841,0,2017-11-30 18:44:19+00:00,2026-08-29 17:26:10+00:00,Apache License 2.0
cheatsheets-ai,kailashahirwar,Unknown,15431,3372,15431,12,2017-05-24 12:06:56+00:00,2026-08-29 17:27:25+00:00,MIT License
ggml,ggml-org,C++,15258,1798,15258,351,2022-09-18 17:07:19+00:00,2026-08-29 17:53:11+00:00,MIT License
Qix,ty4z2008,Unknown,15196,4573,15196,0,2014-04-20 11:03:15+00:00,2026-08-29 17:28:14+00:00,Other
imgaug,aleju,Python,14744,2450,14744,311,2015-07-10 20:31:33+00:00,2026-08-27 11:44:58+00:00,MIT License
bullet3,bulletphysics,C++,14704,3092,14704,424,2011-04-12 18:45:08+00:00,2026-08-29 18:45:07+00:00,Other
ChatterBot,gunthercox,Python,14508,4421,14508,72,2014-09-28 14:49:00+00:00,2026-08-29 04:26:18+00:00,"BSD 3-Clause ""New"" or ""Revised"" License"
dlib,davisking,C++,14435,3441,14435,38,2014-01-29 00:45:33+00:00,2026-08-29 18:04:31+00:00,Boost Software License 1.0
nni,microsoft,Python,14361,1850,14361,415,2018-06-01 05:51:44+00:00,2026-08-29 02:53:44+00:00,MIT License
mit-deep-learning-book-pdf,janishar,Java,14217,2907,14217,12,2017-04-07 10:46:50+00:00,2026-08-29 17:02:18+00:00,Unknown
ivy,unifyai,Python,14170,5456,14170,985,2021-01-19 08:37:25+00:00,2026-08-29 10:58:49+00:00,Other
machine-learning-zoomcamp,DataTalksClub,Jupyter Notebook,14046,3114,14046,3,2020-04-17 04:29:23+00:00,2026-08-29 18:50:03+00:00,Unknown
handson-ml3,ageron,Jupyter Notebook,14026,5274,14026,107,2022-02-19 09:43:22+00:00,2026-08-29 21:19:29+00:00,Apache License 2.0
tvm,apache,Python,13701,3963,13701,243,2016-10-12 22:20:28+00:00,2026-08-29 21:21:03+00:00,Apache License 2.0
Ai-Learn,tangyudi,Unknown,13287,2675,13287,20,2020-01-28 01:55:06+00:00,2026-08-29 12:33:40+00:00,Unknown
deep-learning-drizzle,kmario23,HTML,12936,2986,12936,5,2018-11-26 01:17:36+00:00,2026-08-29 09:30:25+00:00,Unknown
machine-learning-interview,khangich,Unknown,12796,2046,12796,9,2020-08-11 06:26:32+00:00,2026-08-28 18:13:29+00:00,Unknown
python-machine-learning-book,rasbt,Jupyter Notebook,12644,4371,12644,13,2015-08-07 20:39:29+00:00,2026-08-29 17:17:46+00:00,MIT License
predictionio,apache,Scala,12517,1896,12517,80,2013-01-25 19:42:32+00:00,2026-08-27 21:33:13+00:00,Apache License 2.0
lime,marcotcr,JavaScript,12163,1847,12163,133,2016-03-15 22:18:10+00:00,2026-08-29 22:16:45+00:00,"BSD 2-Clause ""Simplified"" License"
cleanlab,cleanlab,Python,11640,921,11640,122,2018-05-11 01:55:21+00:00,2026-08-29 07:23:58+00:00,Apache License 2.0
dive-into-machine-learning,dive-into-machine-learning,Unknown,11390,1866,11390,0,2015-02-22 23:48:16+00:00,2026-08-20 20:37:28+00:00,Creative Commons Attribution 4.0 International
MLAlgorithms,rushter,Python,11173,1767,11173,10,2016-10-05 06:46:45+00:00,2026-08-29 12:03:56+00:00,MIT License
turicreate,apple,C++,11158,1118,11158,522,2017-12-01 00:42:04+00:00,2026-08-27 04:58:49+00:00,"BSD 3-Clause ""New"" or ""Revised"" License"
amazon-sagemaker-examples,aws,Jupyter Notebook,10981,6963,10981,849,2017-10-23 05:55:22+00:00,2026-08-27 16:15:04+00:00,Apache License 2.0
A-Curated-List-of-ML-System-Design-Case-Studies,Engineer1999,Unknown,10961,1683,10961,7,2024-05-18 15:42:58+00:00,2026-08-29 08:44:40+00:00,Unknown
dolly,databrickslabs,Python,10805,1139,10805,5,2023-03-24 16:15:53+00:00,2026-08-26 17:52:44+00:00,Apache License 2.0
doccano,doccano,Python,10760,1827,10760,398,2018-05-09 06:10:05+00:00,2026-08-28 05:25:51+00:00,MIT License
mlcourse.ai,Yorko,Python,10695,5695,10695,3,2017-02-27 08:32:20+00:00,2026-08-28 16:24:33+00:00,Other
machine-learning-systems-design,chiphuyen,HTML,10563,1634,10563,11,2019-11-24 23:16:28+00:00,2026-08-29 18:06:37+00:00,Unknown
Machine-Learning,Jack-Cherish,Python,10377,5064,10377,7,2017-03-25 07:32:37+00:00,2026-08-29 07:54:14+00:00,Unknown
machine-learning-notes,roboticcam,Jupyter Notebook,10346,1826,10346,28,2018-02-15 15:42:33+00:00,2026-08-29 11:32:42+00:00,Unknown
3D-Machine-Learning,timzhang642,Unknown,10195,1798,10195,21,2017-08-12 15:20:54+00:00,2026-08-29 19:08:42+00:00,Unknown
tpot,EpistasisLab,Jupyter Notebook,10051,1562,10051,312,2015-11-03 21:08:40+00:00,2026-08-28 12:06:09+00:00,GNU Lesser General Public License v3.0
sktime,sktime,Python,9975,2312,9975,2402,2018-11-06 15:08:24+00:00,2026-08-29 21:48:13+00:00,"BSD 3-Clause ""New"" or ""Revised"" License"
AIMLInterviews,alirezadir,Jupyter Notebook,9488,1669,9488,11,2021-01-31 03:52:09+00:00,2026-08-29 20:30:34+00:00,MIT License
Stock-Prediction-Models,huseinzol05,Jupyter Notebook,9481,3047,9481,47,2017-12-18 10:49:59+00:00,2026-08-29 17:32:27+00:00,Apache License 2.0
cog,replicate,Go,9464,697,9464,71,2021-02-26 23:43:09+00:00,2026-08-29 17:32:37+00:00,Apache License 2.0
golearn,sjwhitworth,Go,9439,1164,9439,89,2013-12-26 13:06:14+00:00,2026-08-29 17:32:46+00:00,MIT License
machinelearning,dotnet,C#,9352,1950,9352,1000,2018-05-03 16:20:42+00:00,2026-08-29 17:33:23+00:00,MIT License
awesome-ml-for-cybersecurity,jivoi,Unknown,9336,1937,9336,30,2016-12-20 12:46:36+00:00,2026-08-29 17:51:14+00:00,Other
awesome-project-ideas,NirantK,Unknown,9294,1291,9294,7,2017-08-19 09:37:58+00:00,2026-08-29 17:34:00+00:00,MIT License
catboost,catboost,C++,9085,1329,9085,713,2017-07-18 05:29:04+00:00,2026-08-29 20:35:39+00:00,Apache License 2.0
machine_learning_examples,lazyprogrammer,Python,8916,6404,8916,33,2014-07-31 23:40:45+00:00,2026-08-29 17:37:41+00:00,Unknown
state-of-the-art-result-for-machine-learning-problems,RedditSota,Unknown,8892,1293,8892,14,2017-11-09 01:21:40+00:00,2026-08-29 17:37:55+00:00,Apache License 2.0
pattern,clips,Python,8859,1555,8859,179,2011-05-03 15:29:01+00:00,2026-08-29 17:38:07+00:00,"BSD 3-Clause ""New"" or ""Revised"" License"
financial-machine-learning,firmai,Python,8770,1409,8770,15,2019-03-21 21:00:35+00:00,2026-08-29 17:39:02+00:00,Unknown
vowpal_wabbit,VowpalWabbit,C++,8706,1926,8706,2,2009-07-31 19:36:58+00:00,2026-08-26 18:40:07+00:00,Other
machinelearning,ljpzzz,Jupyter Notebook,8704,3684,8704,17,2016-05-12 07:06:34+00:00,2026-08-29 06:50:41+00:00,MIT License
MachineLearning_Python,lawlite19,Python,8585,2515,8585,10,2016-10-17 15:44:59+00:00,2026-08-29 21:54:55+00:00,MIT License
Machine-Learning-Collection,aladdinpersson,Python,8488,2785,8488,118,2020-03-26 07:02:40+00:00,2026-08-29 10:19:04+00:00,MIT License
approachingalmost,abhishekkrthakur,Unknown,8374,1122,8374,54,2020-07-04 07:13:20+00:00,2026-08-28 02:33:03+00:00,Unknown
introduction_to_ml_with_python,amueller,Jupyter Notebook,8164,4672,8164,28,2016-05-29 18:29:47+00:00,2026-08-28 12:37:07+00:00,Unknown
auto-sklearn,automl,Python,8127,1323,8127,207,2015-07-02 15:38:10+00:00,2026-08-29 08:55:06+00:00,"BSD 3-Clause ""New"" or ""Revised"" License"
machine-learning-cheat-sheet,soulmachine,TeX,8048,1332,8048,11,2013-05-09 07:43:59+00:00,2026-08-29 19:57:13+00:00,Unknown
cortex,cortexlabs,Go,8013,594,8013,132,2019-01-24 04:43:14+00:00,2026-08-28 09:02:13+00:00,Apache License 2.0
machine-learning-roadmap,mrdbourke,Unknown,7893,1168,7893,12,2020-07-09 07:07:47+00:00,2026-08-29 18:04:35+00:00,MIT License
machine-learning-yearning-cn,deeplearning-ai,CSS,7844,1499,7844,4,2018-06-19 19:26:39+00:00,2026-08-27 09:07:05+00:00,Other
Machine-Learning-Specialization-Coursera,greyhatguy007,Jupyter Notebook,7833,3730,7833,26,2022-06-16 15:31:02+00:00,2026-08-29 17:33:28+00:00,MIT License
Machine-learning-learning-notes,Vay-keen,Unknown,7763,1880,7763,28,2018-03-24 06:48:10+00:00,2026-08-27 17:52:59+00:00,Unknown
awesome-youtubers,JoseDeFreitas,Markdown,7758,501,7758,2,2020-08-25 14:18:15+00:00,2026-08-29 12:54:11+00:00,Creative Commons Zero v1.0 Universal
Learn_Machine_Learning_in_3_Months,llSourcell,Unknown,7598,2311,7598,19,2018-03-02 10:59:53+00:00,2026-08-27 16:52:37+00:00,Unknown
h2o-3,h2oai,Jupyter Notebook,7496,2024,7496,2883,2014-03-03 16:08:07+00:00,2026-08-29 02:55:47+00:00,Apache License 2.0
industry-machine-learning,firmai,Jupyter Notebook,7486,1249,7486,3,2019-05-03 05:08:15+00:00,2026-08-26 14:27:33+00:00,Unknown
